{"cameraMode":{"drawMode":0,"name":"Shaded","section":"Shading Mode"},"sceneLighting":true,"audioPlay":false,"sceneViewState":{"showFog":true,"showMaterialUpdate":false,"showSkybox":false,"showFlares":true,"showImageEffects":true,"showParticleSystems":true},"in2DMode":false,"pivot":{"x":-35.29999923706055,"y":2.3999996185302736,"z":0.0},"rotation":{"x":0.2580476701259613,"y":-0.0008670586394146085,"z":0.0002313124277861789,"w":0.9661345481872559},"size":25.24134063720703,"orthographic":false}